[
  {
    "id": 1,
    "userRatings": [
      {
        "userName": "John@gmail.com",
        "rating": 4,
        "comments": "It is a nice beer"
      },
      {
        "userName": "Rock@gmail.com",
        "rating": 1,
        "comments": "Good beer"
      },
      {
        "userName": "Steve@Gmail.com",
        "rating": 2,
        "comments": "Just fine"
      },
      {
        "userName": "Andy@gmail.com",
        "rating": 1,
        "comments": "Good"
      },
      {
        "userName": "Austin@gmail.com",
        "rating": 5,
        "comments": "Great"
      },
      {
        "userName": "Kane@yahoo.com",
        "rating": 5,
        "comments": "It is the best one."
      }
    ]
  }
]